Přejmenováno: blejzr_krémová_buklé.jpg → blejzr_kremova_bukle.jpg
Přejmenováno: bunda_denim_bílá.jpg → bunda_denim_bila.jpg
Přejmenováno: bunda_kožená.jpg → bunda_kozena.jpg
Přejmenováno: bunda_kožená_tmčervená.jpg → bunda_kozena_tmcervena.jpg
Přejmenováno: bunda_manšestr_béžová.jpg → bunda_mansestr_bezova.jpg
Přejmenováno: bunda_prošívaná.jpg → bunda_prosivana.jpg
Přejmenováno: bunda_sportovní.jpg → bunda_sportovni.jpg
Přejmenováno: bunda_svrůžová.jpg → bunda_svruzova.jpg
Přejmenováno: bunda_zimní_zelená.jpg → bunda_zimni_zelena.jpg
Přejmenováno: bunda_černá.jpg → bunda_cerna.jpg
Přejmenováno: bunda_černá_zimní.jpg → bunda_cerna_zimni.jpg
Přejmenováno: džíny.jpg → dziny.jpg
Přejmenováno: halenka_bílá.jpg → halenka_bila.jpg
Přejmenováno: halenka_bílá_3_4.jpg → halenka_bila_3_4.jpg
Přejmenováno: halenka_bordó.jpg → halenka_bordo.jpg
Přejmenováno: halenka_khaki_mušelín.jpg → halenka_khaki_muselin.jpg
Přejmenováno: halenka_leopardí.jpg → halenka_leopardi.jpg
Přejmenováno: halenka_modrá_len.jpg → halenka_modra_len.jpg
Přejmenováno: halenka_modrá_pruh.jpg → halenka_modra_pruh.jpg
Přejmenováno: halenka_růžová_ažura.jpg → halenka_ruzova_azura.jpg
Přejmenováno: halenka_růžová_satén.jpg → halenka_ruzova_saten.jpg
Přejmenováno: halenka_zelenobílá_vzor.jpg → halenka_zelenobila_vzor.jpg
Přejmenováno: halenka_černá_krátká.jpg → halenka_cerna_kratka.jpg
Přejmenováno: halenka_černá_volán.jpg → halenka_cerna_volan.jpg
Přejmenováno: halenka_černobílá_puntíky.jpg → halenka_cernobila_puntiky.jpg
Přejmenováno: halenka_černobílá_vzor.jpg → halenka_cernobila_vzor.jpg
Přejmenováno: halenka_červená_ažura.jpg → halenka_cervena_azura.jpg
Přejmenováno: kabát_béžový.jpg → kabat_bezovy.jpg
Přejmenováno: kabát_hnědá.jpg → kabat_hneda.jpg
Přejmenováno: kabát_tmšedá.jpg → kabat_tmseda.jpg
Přejmenováno: kabát_šedý_krátký.jpg → kabat_sedy_kratky.jpg
Přejmenováno: kabát_černý_krátký.jpg → kabat_cerny_kratky.jpg
Přejmenováno: kalhoty_béžové.jpg → kalhoty_bezove.jpg
Přejmenováno: kalhoty_bílé_fomál.jpg → kalhoty_bile_fomal.jpg
Přejmenováno: kalhoty_denim_šedé.jpg → kalhoty_denim_sede.jpg
Přejmenováno: kalhoty_krep_modrobílá_květinový.jpg → kalhoty_krep_modrobila_kvetinovy.jpg
Přejmenováno: kalhoty_satén_hnědá.jpg → kalhoty_saten_hneda.jpg
Přejmenováno: kalhoty_satén_khaki.jpg → kalhoty_saten_khaki.jpg
Přejmenováno: kalhoty_šedé_formal.jpg → kalhoty_sede_formal.jpg
Přejmenováno: kalhoty_černé_denim.jpg → kalhoty_cerne_denim.jpg
Přejmenováno: kalhoty_černé_formál.jpg → kalhoty_cerne_formal.jpg
Přejmenováno: košile.jpg → kosile.jpg
Přejmenováno: košile_bavlna_květovaná.jpg → kosile_bavlna_kvetovana.jpg
Přejmenováno: košile_bavlna_růžová.jpg → kosile_bavlna_ruzova.jpg
Přejmenováno: košile_bílá_basic.jpg → kosile_bila_basic.jpg
Přejmenováno: košile_bílá_proužek.jpg → kosile_bila_prouzek.jpg
Přejmenováno: košile_bílá_pruh_satén.jpg → kosile_bila_pruh_saten.jpg
Přejmenováno: košile_denim_šedá.jpg → kosile_denim_seda.jpg
Přejmenováno: košile_krémová_satén.jpg → kosile_kremova_saten.jpg
Přejmenováno: košile_len_béžová_formální.jpg → kosile_len_bezova_formalni.jpg
Přejmenováno: košile_len_zelená.jpg → kosile_len_zelena.jpg
Přejmenováno: košile_modrá_bavlna.jpg → kosile_modra_bavlna.jpg
Přejmenováno: košile_svmodrá_pruh.jpg → kosile_svmodra_pruh.jpg
Přejmenováno: košile_tmmodrá_ažura.jpg → kosile_tmmodra_azura.jpg
Přejmenováno: kratasy_bílé_formal.jpg → kratasy_bile_formal.jpg
Přejmenováno: kratasy_bílé_formál.jpg → kratasy_bile_formal.jpg
Přejmenováno: kratasy_lnene_modrá.jpg → kratasy_lnene_modra.jpg
Přejmenováno: kratasy_sportovni_zelená.jpg → kratasy_sportovni_zelena.jpg
Přejmenováno: kratasy_černé_sportovní.jpg → kratasy_cerne_sportovni.jpg
Přejmenováno: kraťasy.jpg → kratasy.jpg
Přejmenováno: kraťasy_denim_bílé.jpg → kratasy_denim_bile.jpg
Přejmenováno: kraťasy_šedé_formal.jpg → kratasy_sede_formal.jpg
Přejmenováno: legíny.jpg → leginy.jpg
Přejmenováno: legíny_hnědé_široké.jpg → leginy_hnede_siroke.jpg
Přejmenováno: legíny_khaki_3_4.jpg → leginy_khaki_3_4.jpg
Přejmenováno: legíny_růžové.jpg → leginy_ruzove.jpg
Přejmenováno: parka_dlouhá_černá.jpg → parka_dlouha_cerna.jpg
Přejmenováno: parka_zelená.jpg → parka_zelena.jpg
Přejmenováno: rolák_květovaný.jpg → rolak_kvetovany.jpg
Přejmenováno: sako_hnědé_pepito.jpg → sako_hnede_pepito.jpg
Přejmenováno: sako_krémová_krep.jpg → sako_kremova_krep.jpg
Přejmenováno: sako_lněné_pruh.jpg → sako_lnene_pruh.jpg
Přejmenováno: sako_světle_modrá.jpg → sako_svetle_modra.jpg
Přejmenováno: sako_tmavě_modrá.jpg → sako_tmave_modra.jpg
Přejmenováno: sako_šedá.jpg → sako_seda.jpg
Přejmenováno: sako_černá_přiléhavé.jpg → sako_cerna_prilehave.jpg
Přejmenováno: sako_černé.jpg → sako_cerne.jpg
Přejmenováno: sako_černé_delší.jpg → sako_cerne_delsi.jpg
Přejmenováno: sako_žluté.jpg → sako_zlute.jpg
Přejmenováno: sportovní triko.jpg → sportovni triko.jpg
Přejmenováno: sukně_béžová_denim.jpg → sukne_bezova_denim.jpg
Přejmenováno: sukně_denim.jpg → sukne_denim.jpg
Přejmenováno: sukně_letní_plisé_bílá.jpg → sukne_letni_plise_bila.jpg
Přejmenováno: sukně_plisé_růžová.jpg → sukne_plise_ruzova.jpg
Přejmenováno: sukně_red.jpg → sukne_red.jpg
Přejmenováno: sukně_satén_bílá.jpg → sukne_saten_bila.jpg
Přejmenováno: sukně_satén_leopard.jpg → sukne_saten_leopard.jpg
Přejmenováno: sukně_satén_růžová_krátká.jpg → sukne_saten_ruzova_kratka.jpg
Přejmenováno: sukně_satén_šedá.jpg → sukne_saten_seda.jpg
Přejmenováno: sukně_satén_černá.jpg → sukne_saten_cerna.jpg
Přejmenováno: sukně_sportovní_černá.jpg → sukne_sportovni_cerna.jpg
Přejmenováno: sukně_zelená.jpg → sukne_zelena.jpg
Přejmenováno: sukně_černá_květovaná.jpg → sukne_cerna_kvetovana.jpg
Přejmenováno: sukně_černá_kůže.jpg → sukne_cerna_kuze.jpg
Přejmenováno: sukně_šifon_žlutá.jpg → sukne_sifon_zluta.jpg
Přejmenováno: svetr_béžová.jpg → svetr_bezova.jpg
Přejmenováno: svetr_béžová_tmavá.jpg → svetr_bezova_tmava.jpg
Přejmenováno: svetr_fialová.jpg → svetr_fialova.jpg
Přejmenováno: svetr_modrá.jpg → svetr_modra.jpg
Přejmenováno: svetr_růžová.jpg → svetr_ruzova.jpg
Přejmenováno: svetr_růžová_tmavá.jpg → svetr_ruzova_tmava.jpg
Přejmenováno: svetr_tm_modrá.jpg → svetr_tm_modra.jpg
Přejmenováno: svetr_uplý_pruhy.jpg → svetr_uply_pruhy.jpg
Přejmenováno: svetr_zelená_světlá.jpg → svetr_zelena_svetla.jpg
Přejmenováno: svetr_zelený_tmavý.jpg → svetr_zeleny_tmavy.jpg
Přejmenováno: svetr_šedá_kratký.jpg → svetr_seda_kratky.jpg
Přejmenováno: svetr_černý_uni.jpg → svetr_cerny_uni.jpg
Přejmenováno: svetr_žlutá.jpg → svetr_zluta.jpg
Přejmenováno: top_béžový.jpg → top_bezovy.jpg
Přejmenováno: top_bílý.jpg → top_bily.jpg
Přejmenováno: top_hnědý.jpg → top_hnedy.jpg
Přejmenováno: top_modrý.jpg → top_modry.jpg
Přejmenováno: top_modrý_tmavý.jpg → top_modry_tmavy.jpg
Přejmenováno: top_pruh_dlouhé.jpg → top_pruh_dlouhe.jpg
Přejmenováno: top_vzorovaný.jpg → top_vzorovany.jpg
Přejmenováno: top_vzorovaný_pruh.jpg → top_vzorovany_pruh.jpg
Přejmenováno: top_šedý.jpg → top_sedy.jpg
Přejmenováno: top_černý.jpg → top_cerny.jpg
Přejmenováno: top_červený.jpg → top_cerveny.jpg
Přejmenováno: top_žlutý.jpg → top_zluty.jpg
Přejmenováno: trenčkot_hnědý_krátký.jpg → trenckot_hnedy_kratky.jpg
Přejmenováno: trenčkot_krátký_béžový.jpg → trenckot_kratky_bezovy.jpg
Přejmenováno: trenčkot_zelený.jpg → trenckot_zeleny.jpg
Přejmenováno: triko_basic_bílá.jpg → triko_basic_bila.jpg
Přejmenováno: triko_basic_hnědá.jpg → triko_basic_hneda.jpg
Přejmenováno: triko_basic_růžová.jpg → triko_basic_ruzova.jpg
Přejmenováno: triko_basic_šedá.jpg → triko_basic_seda.jpg
Přejmenováno: triko_basic_černá.jpg → triko_basic_cerna.jpg
Přejmenováno: triko_bílé.jpg → triko_bile.jpg
Přejmenováno: triko_bílé_potisk.jpg → triko_bile_potisk.jpg
Přejmenováno: triko_dlrukáv_béžová.jpg → triko_dlrukav_bezova.jpg
Přejmenováno: triko_dlrukáv_bílá.jpg → triko_dlrukav_bila.jpg
Přejmenováno: triko_dlrukáv_černá.jpg → triko_dlrukav_cerna.jpg
Přejmenováno: triko_pruhované.jpg → triko_pruhovane.jpg
Přejmenováno: triko_tmmodrá.jpg → triko_tmmodra.jpg
Přejmenováno: trnčkot_béžová_dlouhá.jpg → trnckot_bezova_dlouha.jpg
Přejmenováno: vesta_hnědá_len.jpg → vesta_hneda_len.jpg
Přejmenováno: vesta_pletená_bílá.jpg → vesta_pletena_bila.jpg
Přejmenováno: vesta_růžová.jpg → vesta_ruzova.jpg
Přejmenováno: šaty_bordó.jpg → saty_bordo.jpg
Přejmenováno: šaty_krep_modré.jpg → saty_krep_modre.jpg
Přejmenováno: šaty_len_pruh.jpg → saty_len_pruh.jpg
Přejmenováno: šaty_pruh.jpg → saty_pruh.jpg
Přejmenováno: šaty_satén_bílá.jpg → saty_saten_bila.jpg
Přejmenováno: šaty_satén_svmodrá.jpg → saty_saten_svmodra.jpg
Přejmenováno: šaty_slouhé_šedé.jpg → saty_slouhe_sede.jpg
Přejmenováno: šaty_společ.jpg → saty_spolec.jpg
Přejmenováno: šaty_svzelené_šifon.jpg → saty_svzelene_sifon.jpg
Přejmenováno: šaty_tmmodrá_ažura.jpg → saty_tmmodra_azura.jpg
Přejmenováno: šaty_zelené_ažura.jpg → saty_zelene_azura.jpg
Přejmenováno: šaty_černé_balón.jpg → saty_cerne_balon.jpg
Přejmenováno: šaty_černé_formal.jpg → saty_cerne_formal.jpg
Přejmenováno: šaty_černé_mini.jpg → saty_cerne_mini.jpg
Přejmenováno: šaty_žluté_květinové.jpg → saty_zlute_kvetinove.jpg
